dork,position,title,url,snippet,source,date,email
"(""Software Engineer"" OR ""Softwareentwickler"" OR ""Software Developer"" OR ""Softwareentwicklerin"" OR ""Software Developer/in"") (""Bewerben"" OR ""Jetzt bewerben"" OR ""Online bewerben"" OR ""Apply now"" OR ""Apply online"") (""E-Mail"" OR ""Email"" OR ""Kontakt"" OR ""Contact"" OR ""Recruiting"" OR ""Recruiter"" OR ""Talent Acquisition"") ""Deutschland""",1,Software Engineer (f/m/d) – Cross-Platform SDK ...,https://careers.smartclip.tv/jobs/6428830-software-engineer-f-m-d-cross-platform-sdk-development,"Back to all jobs. Software Engineer (f/m/d) – Cross-Platform SDK Development. Engineering: Frameworks & SDKs · Berlin, Köln · Hybrid. Apply now.",,,recruiting@smartclip.tv
"(""Software Engineer"" OR ""Softwareentwickler"" OR ""Software Developer"" OR ""Softwareentwicklerin"" OR ""Software Developer/in"") (""Bewerben"" OR ""Jetzt bewerben"" OR ""Online bewerben"" OR ""Apply now"" OR ""Apply online"") (""E-Mail"" OR ""Email"" OR ""Kontakt"" OR ""Contact"" OR ""Recruiting"" OR ""Recruiter"" OR ""Talent Acquisition"") ""Deutschland""",2,Senior Software Engineer,https://www.ramboll.com/careers/8407b247-3302-432f-8fdb-08ded1b5e7f5,"If you would like further information about the job, please contact Head of Engineering, Michael Birck Knudsen by email mbkn@ramboll.com or phone 6036 1040.",,,mbkn@ramboll.com
"(""Software Engineer"" OR ""Softwareentwickler"" OR ""Software Developer"" OR ""Softwareentwicklerin"" OR ""Software Developer/in"") (""Bewerben"" OR ""Jetzt bewerben"" OR ""Online bewerben"" OR ""Apply now"" OR ""Apply online"") (""E-Mail"" OR ""Email"" OR ""Kontakt"" OR ""Contact"" OR ""Recruiting"" OR ""Recruiter"" OR ""Talent Acquisition"") ""Deutschland""",3,Software Engineer Specialist - Myworkdayjobs.com,https://veralto.wd1.myworkdayjobs.com/de-DE/EskoJobs/job/Software-Engineer-Specialist_R10267546,"Bewerben. locations: Bangalore, Karnataka, Indien. time type: Vollzeit ... Talent Acquisition, will be deemed the sole property of Veralto and its companies.",,,
"(""Software Engineer"" OR ""Softwareentwickler"" OR ""Software Developer"" OR ""Softwareentwicklerin"" OR ""Software Developer/in"") (""Bewerben"" OR ""Jetzt bewerben"" OR ""Online bewerben"" OR ""Apply now"" OR ""Apply online"") (""E-Mail"" OR ""Email"" OR ""Kontakt"" OR ""Contact"" OR ""Recruiting"" OR ""Recruiter"" OR ""Talent Acquisition"") ""Deutschland""",4,Softwareentwickler Jobs bei Brunel | Jetzt bewerben!,https://www.brunel.net/de-de/jobs/softwareentwickler-jobs,"Jetzt bewerben auf einen Job als Softwareentwickler! Technischer Einkäufer ... Softwareentwickler:innen, auch Software-Developer genannt, sind ...",,,j.kramer@brunel.net
"(""Software Engineer"" OR ""Softwareentwickler"" OR ""Software Developer"" OR ""Softwareentwicklerin"" OR ""Software Developer/in"") (""Bewerben"" OR ""Jetzt bewerben"" OR ""Online bewerben"" OR ""Apply now"" OR ""Apply online"") (""E-Mail"" OR ""Email"" OR ""Kontakt"" OR ""Contact"" OR ""Recruiting"" OR ""Recruiter"" OR ""Talent Acquisition"") ""Deutschland""",5,Job Results,https://www.thryvetalent.com/de/job-results,"Standort:Überall in Deutschland (Remote) oder Hybrid in Nordrhein-Westfalen, Deutschland; Fließende Deutschkenntnisse erforderlich. APPLY NOW READ MORE. Posted ...",,,info@thryvetalent.com
"(""Software Engineer"" OR ""Softwareentwickler"" OR ""Software Developer"" OR ""Softwareentwicklerin"" OR ""Software Developer/in"") (""Bewerben"" OR ""Jetzt bewerben"" OR ""Online bewerben"" OR ""Apply now"" OR ""Apply online"") (""E-Mail"" OR ""Email"" OR ""Kontakt"" OR ""Contact"" OR ""Recruiting"" OR ""Recruiter"" OR ""Talent Acquisition"") ""Deutschland""",6,Principal Software Engineer - Mobile Applications in Plano,https://talents.vaia.com/companies/pepsico-deutschland-gmbh/principal-software-engineer-mobile-applications-28746317/,Contact Detail: PepsiCo Deutschland GmbH Recruiting Team. View PepsiCo Deutschland GmbH Profile. Principal Software Engineer - Mobile Applications in Plano.,,,
"(""Software Engineer"" OR ""Softwareentwickler"" OR ""Software Developer"" OR ""Softwareentwicklerin"" OR ""Software Developer/in"") (""Bewerben"" OR ""Jetzt bewerben"" OR ""Online bewerben"" OR ""Apply now"" OR ""Apply online"") (""E-Mail"" OR ""Email"" OR ""Kontakt"" OR ""Contact"" OR ""Recruiting"" OR ""Recruiter"" OR ""Talent Acquisition"") ""Deutschland""",7,Job als Cloud Software Engineer (m/w/d),https://job.deloitte.com/job-cloud-software-engineer-mwd-_49934,"Bewerbungsfrist: Solange der Job angezeigt wird, kannst du dich schnell und bequem online bewerben. ... Jetzt bewerben"". Bewerbungen via E-Mail können wir ...",,,career@deloitte.de
"(""Software Engineer"" OR ""Softwareentwickler"" OR ""Software Developer"" OR ""Softwareentwicklerin"" OR ""Software Developer/in"") (""Bewerben"" OR ""Jetzt bewerben"" OR ""Online bewerben"" OR ""Apply now"" OR ""Apply online"") (""E-Mail"" OR ""Email"" OR ""Kontakt"" OR ""Contact"" OR ""Recruiting"" OR ""Recruiter"" OR ""Talent Acquisition"") ""Deutschland""",8,"Senior Software Engineer, Search Platform | Jobs ...",https://get-your-guide.webflow.io/jobs/7290804,"Senior Software Engineer, Search Platform. Engineering. Berlin. Apply now. Jump to benefits. Senior Software. Engineer,. Search Platform. Our global benefits.",,,
"(""Software Engineer"" OR ""Softwareentwickler"" OR ""Software Developer"" OR ""Softwareentwicklerin"" OR ""Software Developer/in"") (""Bewerben"" OR ""Jetzt bewerben"" OR ""Online bewerben"" OR ""Apply now"" OR ""Apply online"") (""E-Mail"" OR ""Email"" OR ""Kontakt"" OR ""Contact"" OR ""Recruiting"" OR ""Recruiter"" OR ""Talent Acquisition"") ""Deutschland""",9,Senior Software Engineer (Frontend focused) | Jobs at ...,https://getyourguide.careers/jobs/8045306,Senior Software Engineer (Frontend focused). Engineering. Berlin. Apply now.,,,
